,Año,Trimestre,Provincia,ADSL,Cablemodem,Fibra óptica,Wireless,Otros,Banda ancha fija,Dial up,Mbps (Media de bajada),Total_conexiones
0,2022,3,Buenos Aires,339648,2748325,1436433,126.846,70.416,4715469,6199,70,4721668
1,2022,3,Capital Federal,140791,1240125,129218,5.758,31.787,1545534,2145,101,1547679
2,2022,3,Catamarca,10010,10495,46224,1.329,2.235,70292,1,61,70293
3,2022,3,Chaco,27164,61800,44645,8.178,2.359,144141,5,53,144146
4,2022,3,Chubut,45377,72212,9574,29.784,8.831,164874,904,16,165778
5,2022,3,Córdoba,163770,465461,338570,61.07,9.797,1038600,68,56,1038668
6,2022,3,Corrientes,36508,77140,18619,7.256,5.323,144842,4,45,144846
7,2022,3,Entre Ríos,60345,132952,36971,26.098,12.593,268937,22,42,268959
8,2022,3,Formosa,14470,25880,11041,16.935,212.0,68537,1,30,68538
9,2022,3,Jujuy,19257,52978,40172,4.033,2.383,118823,0,32,118823
10,2022,3,La Pampa,7796,60078,23551,20.216,4.451,115921,171,18,116092
11,2022,3,La Rioja,6842,53899,19697,6.395,31.0,86860,4,44,86864
12,2022,3,Mendoza,37659,78858,142615,27.625,2.766,288746,777,34,289523
13,2022,3,Misiones,35513,88902,39046,11.074,7.622,182157,0,49,182157
14,2022,3,Neuquén,29352,75815,29396,27.482,1.116,162693,468,48,163161
15,2022,3,Río Negro,35552,48260,41017,16.76,18.969,160010,548,34,160558
16,2022,3,Salta,40006,96984,50254,10.082,7.215,204536,5,41,204541
17,2022,3,San Juan,38570,22723,12328,21.86,7.918,103118,281,16,103399
18,2022,3,San Luis,6860,29363,248,70.614,14.985,121888,182,19,122070
19,2022,3,Santa Cruz,10170,24047,10815,3.896,582.0,49312,198,13,49510
20,2022,3,Santa Fe,183740,426255,215189,43.079,19.547,887700,110,45,887810
21,2022,3,Santiago Del Estero,15385,80937,13170,6.618,2.922,119030,2,18,119032
22,2022,3,Tierra Del Fuego,12754,39963,403,125.0,651.0,53584,312,11,53896
23,2022,3,Tucumán,77738,18518,162345,3.997,519.0,263087,30,53,263117
24,2022,2,Buenos Aires,350652,2719613,1399043,126.847,71.028,4660984,6199,66,4667183
25,2022,2,Capital Federal,145491,1232226,121506,5.757,31.791,1534626,2145,94,1536771
26,2022,2,Catamarca,11928,9430,42087,1.329,2.234,67007,1,57,67008
27,2022,2,Chaco,29552,61284,42194,8.178,2.356,143559,5,51,143564
28,2022,2,Chubut,45377,69242,9574,29.784,8.828,161901,904,15,162805
29,2022,2,Córdoba,179181,467595,308895,61.107,9.657,1026367,68,54,1026435
30,2022,2,Corrientes,38468,75769,18181,7.256,5.323,144993,4,43,144997
31,2022,2,Entre Ríos,63794,131029,35839,26.098,12.592,269330,22,40,269352
32,2022,2,Formosa,15397,25487,9875,16.91,212.0,67881,0,28,67881
33,2022,2,Jujuy,20303,54495,34184,3.955,2.377,115314,0,29,115314
34,2022,2,La Pampa,7796,59273,22994,20.2,1.264,111356,171,16,111527
35,2022,2,La Rioja,7759,52656,19189,6.395,31.0,86026,4,43,86030
36,2022,2,Mendoza,37663,77504,135504,26.964,1.927,278785,777,30,279562
37,2022,2,Misiones,37208,89260,33649,11.074,7.622,178813,0,46,178813
38,2022,2,Neuquén,29749,74905,28824,27.371,1.119,161500,468,47,161968
39,2022,2,Río Negro,36050,47040,40946,16.76,18.968,159216,548,33,159764
40,2022,2,Salta,42665,96178,47076,10.068,7.19,203172,5,39,203177
41,2022,2,San Juan,38570,19734,12328,21.859,7.916,100126,281,14,100407
42,2022,2,San Luis,6860,29034,248,70.614,14.985,121559,182,19,121741
43,2022,2,Santa Cruz,10170,23725,10815,3.896,579.0,48987,198,12,49185
44,2022,2,Santa Fe,198492,428233,189503,43.081,19.55,878749,110,42,878859
45,2022,2,Santiago Del Estero,16561,80338,11605,6.618,2.922,118042,2,16,118044
46,2022,2,Tierra Del Fuego,12754,39837,403,125.0,651.0,53458,312,11,53770
47,2022,2,Tucumán,85893,15327,148823,3.997,487.0,254497,30,50,254527
48,2022,1,Buenos Aires,392045,2728865,1242121,125.521,66.872,4549131,6293,63,4555424
49,2022,1,Capital Federal,102290,1217225,62308,5.784,29.934,1415378,2163,88,1417541
50,2022,1,Catamarca,14181,15517,29118,1.328,2.234,62377,1,51,62378
51,2022,1,Chaco,32391,64546,36662,8.164,2.356,144114,5,46,144119
52,2022,1,Chubut,44133,66667,9184,30.592,21.052,170701,927,13,171628
53,2022,1,Córdoba,195610,501799,235838,60.843,9.713,1003729,74,50,1003803
54,2022,1,Corrientes,40462,79093,10875,6.774,5.374,142574,4,38,142578
55,2022,1,Entre Ríos,67159,138986,23091,26.098,12.592,267904,22,36,267926
56,2022,1,Formosa,16397,15927,5146,16.876,202.0,54548,0,30,54548
57,2022,1,Jujuy,21307,60616,25949,4.662,3.975,116509,0,28,116509
58,2022,1,La Pampa,8003,58978,21739,19.903,1.109,109560,172,15,109732
59,2022,1,La Rioja,9103,59228,9546,6.395,31.0,84299,4,41,84303
60,2022,1,Mendoza,49464,74145,123228,26.969,1.379,274399,786,26,275185
61,2022,1,Misiones,39147,91752,25178,7.807,7.624,171508,0,42,171508
62,2022,1,Neuquén,28443,73200,24193,23.098,745.0,149208,471,43,149679
63,2022,1,Río Negro,38662,45366,38037,16.815,18.494,156821,553,31,157374
64,2022,1,Salta,44714,98667,40994,5.95,7.19,197510,5,37,197515
65,2022,1,San Juan,34038,14449,11294,20.723,7.674,87888,290,12,88178
66,2022,1,San Luis,7987,11296,31,71.809,28.721,119659,185,21,119844
67,2022,1,Santa Cruz,10537,23420,10766,3.974,405.0,48898,204,11,49102
68,2022,1,Santa Fe,213486,444609,146552,45.261,20.571,870364,115,39,870479
69,2022,1,Santiago Del Estero,18118,87979,1093,6.349,2.922,116459,2,14,116461
70,2022,1,Tierra Del Fuego,13031,38700,416,124.0,340.0,52298,313,11,52611
71,2022,1,Tucumán,92532,62396,86174,3.995,487.0,245554,30,47,245584
72,2021,4,Buenos Aires,426325,2706506,1176024,126.887,73.415,4502772,6385,60,4509157
73,2021,4,Capital Federal,111360,1205128,60005,5.679,29.947,1409935,2184,83,1412119
74,2021,4,Catamarca,16385,13858,25100,1.512,2.235,59089,1,46,59090
75,2021,4,Chaco,35548,63145,34688,8.005,2.359,143740,5,42,143745
76,2021,4,Chubut,46361,57412,9655,28.041,18.839,159364,944,9,160308
77,2021,4,Córdoba,212011,487489,217214,61.277,8.779,986693,77,46,986770
78,2021,4,Corrientes,42523,71183,10138,6.778,5.29,135908,4,36,135912
79,2021,4,Entre Ríos,70459,133387,23452,25.022,12.726,265024,22,33,265046
80,2021,4,Formosa,17211,15111,5151,16.018,172.0,53663,0,29,53663
81,2021,4,Jujuy,22330,60511,24156,2.927,3.991,113915,0,27,113915
82,2021,4,La Pampa,8175,58000,20192,19.286,1.354,106834,173,14,107007
83,2021,4,La Rioja,10387,56651,9446,6.613,31.0,83124,4,40,83128
84,2021,4,Mendoza,59842,71553,109667,24.666,1.859,266783,804,22,267587
85,2021,4,Misiones,41778,92068,22035,7.649,7.602,171132,0,39,171132
86,2021,4,Neuquén,29175,72761,23253,21.531,746.0,146989,477,40,147466
87,2021,4,Río Negro,42037,44495,32212,16.558,18.451,153189,564,27,153753
88,2021,4,Salta,46972,99808,39555,5.882,7.188,199399,6,34,199405
89,2021,4,San Juan,35868,13102,11072,11.423,8.493,79667,291,11,79958
90,2021,4,San Luis,8472,11064,30,70.56,28.723,118662,187,21,118849
91,2021,4,Santa Cruz,10790,22902,10031,4.346,417.0,48276,210,9,48486
92,2021,4,Santa Fe,233427,444373,128856,43.556,16.229,866265,176,36,866441
93,2021,4,Santiago Del Estero,19032,86563,1088,6.256,2.922,115859,2,14,115861
94,2021,4,Tierra Del Fuego,13317,38148,426,124.0,342.0,52042,315,11,52357
95,2021,4,Tucumán,97830,59022,78790,2.511,486.0,238609,30,45,238639
96,2021,3,Buenos Aires,585729,2595485,885613,120.228,64.554,4246425,5184,56,4251609
97,2021,3,Capital Federal,142902,1192107,42966,6.059,29.371,1411797,1608,78,1413405
98,2021,3,Catamarca,18413,11709,22331,1.568,2.233,56253,1,43,56254
99,2021,3,Chaco,38258,63659,27583,8.018,2.353,139868,3,39,139871
100,2021,3,Chubut,49269,55794,8946,23.376,18.681,155266,800,8,156066
101,2021,3,Córdoba,229275,477223,167495,57.617,15.178,946726,62,42,946788
102,2021,3,Corrientes,44805,69403,7542,6.766,5.303,133816,3,32,133819
103,2021,3,Entre Ríos,74443,128752,20485,23.5,13.195,260360,15,30,260375
104,2021,3,Formosa,18093,14111,4730,15.69,171.0,52795,0,27,52795
105,2021,3,Jujuy,23554,60758,19926,2.952,3.968,111158,0,26,111158
106,2021,3,La Pampa,9015,57881,17817,14.479,1.295,100371,116,13,100487
107,2021,3,La Rioja,11329,54744,9444,6.613,30.0,82157,3,39,82160
108,2021,3,Mendoza,91474,71247,70579,21.811,828.0,255320,619,13,255939
109,2021,3,Misiones,43230,89469,10969,7.198,7.662,158528,0,31,158528
110,2021,3,Neuquén,29650,73794,16455,19.27,640.0,139436,373,38,139809
111,2021,3,Río Negro,47934,44519,18725,15.031,18.376,144084,501,25,144585
112,2021,3,Salta,49212,98318,36126,5.724,6.453,195831,2,31,195833
113,2021,3,San Juan,40072,12922,6670,11.372,8.447,79227,256,7,79483
114,2021,3,San Luis,8417,11884,27,68.856,28.68,117716,148,22,117864
115,2021,3,Santa Cruz,12347,22961,6328,4.269,3.071,48779,197,8,48976
116,2021,3,Santa Fe,245929,443156,93412,43.447,15.64,841433,151,33,841584
117,2021,3,Santiago Del Estero,19939,85535,909,6.147,2.928,115457,1,13,115458
118,2021,3,Tierra Del Fuego,12853,36958,6,16.0,390.0,49934,289,10,50223
119,2021,3,Tucumán,104489,53868,70964,2.408,743.0,232447,25,42,232472
120,2021,2,Buenos Aires,603255,2503830,854173,113.546,57.547,4127167,5184,53,4132351
121,2021,2,Capital Federal,148989,1175097,41318,5.58,29.371,1398747,1608,73,1400355
122,2021,2,Catamarca,20305,9426,22331,1.449,2.233,55743,1,42,55744
123,2021,2,Chaco,39826,62948,27584,8.018,2.353,140726,3,37,140729
124,2021,2,Chubut,49271,41497,6081,23.682,18.706,138412,825,8,139237
125,2021,2,Córdoba,239780,467782,151855,55.944,15.519,930818,62,40,930880
126,2021,2,Corrientes,46648,67262,3731,6.557,5.303,129498,3,30,129501
127,2021,2,Entre Ríos,77836,124957,17856,23.786,13.197,257617,15,28,257632
128,2021,2,Formosa,19571,12509,3610,15.69,171.0,51551,0,24,51551
129,2021,2,Jujuy,24738,60800,19611,2.731,3.968,111848,0,26,111848
130,2021,2,La Pampa,9017,57014,17132,13.209,1.295,97551,116,12,97667
131,2021,2,La Rioja,11627,54255,9445,6.245,30.0,81599,3,39,81602
132,2021,2,Mendoza,91503,70834,44696,21.811,827.0,229052,619,13,229671
133,2021,2,Misiones,44960,87861,10376,5.317,7.662,156176,0,29,156176
134,2021,2,Neuquén,30083,72690,15619,19.218,640.0,137877,373,36,138250
135,2021,2,Río Negro,48189,43761,18727,15.031,18.376,143583,501,24,144084
136,2021,2,Salta,51396,96016,32050,5.724,6.453,191637,2,29,191639
137,2021,2,San Juan,40072,12369,6673,11.372,8.447,78677,256,7,78933
138,2021,2,San Luis,8417,11308,28,66.86,36.205,122670,148,22,122818
139,2021,2,Santa Cruz,12347,22967,6328,4.269,3.071,48785,197,8,48982
140,2021,2,Santa Fe,256741,431915,90424,43.997,17.523,840449,151,31,840600
141,2021,2,Santiago Del Estero,20734,83770,909,5.081,3.596,114089,1,13,114090
142,2021,2,Tierra Del Fuego,12853,22504,6,14.0,316.0,35404,289,9,35693
143,2021,2,Tucumán,110429,48359,71683,1.837,743.0,233026,25,40,233051
144,2021,1,Buenos Aires,629679,2452056,821597,98.806,57.864,4054936,5066,51,4060002
145,2021,1,Capital Federal,159805,1145093,39980,5.559,29.236,1378283,1390,68,1379673
146,2021,1,Catamarca,26316,4409,18688,322.0,2.233,51967,1,40,51968
147,2021,1,Chaco,43214,61251,25426,8.004,1.875,139767,3,34,139770
148,2021,1,Chubut,45501,40960,3444,23.723,18.712,131515,825,8,132340
149,2021,1,Córdoba,260350,444695,134634,54.137,17.065,910826,55,36,910881
150,2021,1,Corrientes,49160,62876,3337,5.949,5.303,126622,3,26,126625
151,2021,1,Entre Ríos,83688,118424,16846,20.836,12.169,251950,13,24,251963
152,2021,1,Formosa,20663,11412,2562,15.669,380.0,50686,0,21,50686
153,2021,1,Jujuy,32254,54324,17322,2.677,3.879,110456,0,27,110456
154,2021,1,La Pampa,8946,58711,15779,12.369,1.3,96989,116,11,97105
155,2021,1,La Rioja,17363,34984,1,250.0,30.0,52625,3,13,52628
156,2021,1,Mendoza,91844,69295,38619,18.332,833.0,218308,615,13,218923
157,2021,1,Misiones,48292,82339,7064,4.796,6.896,149387,0,25,149387
158,2021,1,Neuquén,30223,70457,14171,17.752,632.0,132862,373,34,133235
159,2021,1,Río Negro,48777,42192,17828,13.994,18.377,140667,501,22,141168
160,2021,1,Salta,54768,89187,31498,5.669,6.452,187572,2,27,187574
161,2021,1,San Juan,40072,11589,6671,11.482,8.453,78011,256,7,78267
162,2021,1,San Luis,8417,10678,28,63.826,36.205,119006,148,22,119154
163,2021,1,Santa Cruz,12347,23089,5975,4.264,390.0,45868,197,8,46065
164,2021,1,Santa Fe,277012,421480,70976,39.14,17.519,825990,137,28,826127
165,2021,1,Santiago Del Estero,26468,75849,570,5.158,3.596,111640,1,12,111641
166,2021,1,Tierra Del Fuego,12853,27247,6,0.0,316.0,40133,289,9,40422
167,2021,1,Tucumán,147199,12185,69954,1.834,740.0,231890,22,38,231912
168,2020,4,Buenos Aires,635651,2441248,804991,93.444,57.927,4028195,5066,50,4033261
169,2020,4,Capital Federal,163060,1142528,39890,4.815,29.237,1378140,1390,67,1379530
170,2020,4,Catamarca,26870,5115,17856,322.0,2.233,52395,1,38,52396
171,2020,4,Chaco,44332,61200,23687,7.997,1.875,139088,3,32,139091
172,2020,4,Chubut,45703,39756,3040,23.363,18.712,129749,825,7,130574
173,2020,4,Córdoba,267396,439322,125620,52.827,17.536,902646,55,35,902701
174,2020,4,Corrientes,50102,61495,3146,5.626,5.29,125656,3,25,125659
175,2020,4,Entre Ríos,85683,113670,15653,20.206,12.169,247368,13,24,247381
176,2020,4,Formosa,21264,10789,2432,15.341,380.0,50206,0,20,50206
177,2020,4,Jujuy,32850,52815,15639,1.077,3.47,105851,0,25,105851
178,2020,4,La Pampa,9009,58945,15432,12.194,1.315,96779,116,10,96895
179,2020,4,La Rioja,17513,34984,1,250.0,30.0,52775,3,13,52778
180,2020,4,Mendoza,91842,68364,36083,18.331,833.0,214838,615,11,215453
181,2020,4,Misiones,49462,79855,6589,4.359,6.896,147161,0,25,147161
182,2020,4,Neuquén,30468,70614,13732,17.689,632.0,132762,373,34,133135
183,2020,4,Río Negro,48991,42022,17826,13.994,18.377,140709,501,22,141210
184,2020,4,Salta,56659,87817,30604,5.858,6.452,187388,2,25,187390
185,2020,4,San Juan,40072,7004,6599,10.468,8.453,72340,256,6,72596
186,2020,4,San Luis,8417,11767,27,63.019,36.205,119287,148,21,119435
187,2020,4,Santa Cruz,12347,19657,1041,4.659,2.97,40477,197,7,40674
188,2020,4,Santa Fe,287271,414746,62692,38.712,17.392,820676,137,27,820813
189,2020,4,Santiago Del Estero,26812,70522,570,5.169,3.596,106668,1,11,106669
190,2020,4,Tierra Del Fuego,12853,26439,6,0.0,316.0,39325,289,8,39614
191,2020,4,Tucumán,149322,11150,68043,1.834,740.0,231067,22,36,231089
192,2020,3,Buenos Aires,653930,2384557,749087,94.162,55.541,3932211,5066,48,3937277
193,2020,3,Capital Federal,170375,1129573,39417,3.936,29.374,1371285,1390,64,1372675
194,2020,3,Catamarca,26868,3690,16857,261.0,2.228,49903,1,37,49904
195,2020,3,Chaco,45745,58825,20675,6.706,2.003,133951,3,31,133954
196,2020,3,Chubut,45761,39386,2897,23.216,18.767,129202,825,7,130027
197,2020,3,Córdoba,276360,430771,102217,48.368,9.756,867417,55,34,867472
198,2020,3,Corrientes,50858,58681,2960,5.513,5.379,123388,3,24,123391
199,2020,3,Entre Ríos,87892,106950,13954,20.379,12.32,241482,13,22,241495
200,2020,3,Formosa,21790,10003,2000,15.023,393.0,49209,0,18,49209
201,2020,3,Jujuy,32611,57682,11112,952.0,4.371,106728,0,22,106728
202,2020,3,La Pampa,9015,56845,14677,11.893,1.305,93619,116,11,93735
203,2020,3,La Rioja,17346,34984,1,250.0,35.0,52613,3,12,52616
204,2020,3,Mendoza,91908,64672,32817,17.523,868.0,207173,615,10,207788
205,2020,3,Misiones,50195,77989,2572,3.445,8.985,143186,0,24,143186
206,2020,3,Neuquén,30222,70446,11043,16.787,737.0,128862,373,31,129235
207,2020,3,Río Negro,49530,40001,10381,13.187,18.368,130966,501,21,131467
208,2020,3,Salta,58216,84128,25445,5.764,7.293,180844,2,25,180846
209,2020,3,San Juan,40092,9223,5509,14.023,8.48,77071,256,6,77327
210,2020,3,San Luis,8401,10077,6,61.828,36.253,116417,148,21,116565
211,2020,3,Santa Cruz,12845,16098,1027,6.938,2.373,39084,197,7,39281
212,2020,3,Santa Fe,295051,405807,45721,37.112,19.307,802861,137,26,802998
213,2020,3,Santiago Del Estero,26419,70720,555,4.185,3.613,105491,1,11,105492
214,2020,3,Tierra Del Fuego,12854,26491,0,0.0,310.0,39366,289,9,39655
215,2020,3,Tucumán,149605,11752,59949,1.808,762.0,223854,22,35,223876
216,2020,2,Buenos Aires,661272,2244277,723072,91.736,57.189,3772480,5066,46,3777546
217,2020,2,Capital Federal,178896,1106133,39482,3.937,29.373,1356431,1390,60,1357821
218,2020,2,Catamarca,26968,3641,14878,261.0,2.228,47975,1,35,47976
219,2020,2,Chaco,46816,56017,17266,6.452,1.581,128129,3,28,128132
220,2020,2,Chubut,45761,38279,1324,17.678,5.614,107831,825,8,108656
221,2020,2,Córdoba,282858,415007,85818,44.522,8.263,836413,55,31,836468
222,2020,2,Corrientes,51248,55536,3144,3.927,5.011,118863,3,22,118866
223,2020,2,Entre Ríos,89391,99423,13954,20.042,11.303,234100,13,20,234113
224,2020,2,Formosa,21805,9353,1882,14.723,169.0,47932,0,17,47932
225,2020,2,Jujuy,32705,38938,5057,952.0,16.664,94316,0,16,94316
226,2020,2,La Pampa,8551,54422,14232,11.314,1.29,89693,116,8,89809
227,2020,2,La Rioja,16885,34984,1,250.0,35.0,52152,3,12,52155
228,2020,2,Mendoza,91904,62941,29613,15.924,802.0,200569,615,9,201184
229,2020,2,Misiones,50792,74497,2579,3.319,9.153,140340,0,23,140340
230,2020,2,Neuquén,30256,67990,11037,15.755,1.134,125799,373,29,126172
231,2020,2,Río Negro,49756,39650,10382,11.331,18.367,128985,501,20,129486
232,2020,2,Salta,59502,81740,24289,5.123,7.108,177760,2,23,177762
233,2020,2,San Juan,40092,8275,5509,7.019,8.882,69521,256,6,69777
234,2020,2,San Luis,8401,8357,6,60.935,36.253,113804,148,21,113952
235,2020,2,Santa Cruz,12845,16044,1027,6.585,2.368,38672,197,7,38869
236,2020,2,Santa Fe,299974,381679,46698,30.487,19.094,777795,137,24,777932
237,2020,2,Santiago Del Estero,25917,72074,355,3.038,4.063,105446,1,10,105447
238,2020,2,Tierra Del Fuego,12854,26025,0,0.0,310.0,38900,289,8,39189
239,2020,2,Tucumán,150084,9833,55120,1.357,762.0,217134,22,33,217156
240,2020,1,Buenos Aires,673237,2210349,720688,85.443,18.334,3702985,5066,45,3708051
241,2020,1,Capital Federal,184494,1097635,38898,3.911,28.556,1352104,1390,59,1353494
242,2020,1,Catamarca,21945,3146,12056,261.0,2.227,39634,1,29,39635
243,2020,1,Chaco,46356,54144,11958,6.239,1.58,120274,3,26,120277
244,2020,1,Chubut,45763,27287,1324,16.885,5.479,95938,800,7,96738
245,2020,1,Córdoba,286168,406109,68512,41.617,8.693,811044,55,29,811099
246,2020,1,Corrientes,51126,53231,2172,2.437,5.004,113967,3,21,113970
247,2020,1,Entre Ríos,90368,95434,13245,18.737,14.062,231833,13,19,231846
248,2020,1,Formosa,21068,8887,1800,14.51,169.0,46434,0,16,46434
249,2020,1,Jujuy,32066,38938,3078,942.0,16.641,91665,0,14,91665
250,2020,1,La Pampa,8553,53755,13821,11.295,1.802,89110,116,7,89226
251,2020,1,La Rioja,13076,34984,0,251.0,29.0,48337,3,8,48340
252,2020,1,Mendoza,91955,50251,28059,12.465,722.0,182837,615,8,183452
253,2020,1,Misiones,51458,69452,1220,460.0,10.962,133552,0,22,133552
254,2020,1,Neuquén,29305,65951,11031,14.711,729.0,121354,373,28,121727
255,2020,1,Río Negro,47756,38479,10381,11.222,18.362,125699,501,19,126200
256,2020,1,Salta,60426,75593,23025,4.125,7.212,170379,2,21,170381
257,2020,1,San Juan,40092,6448,5508,7.082,5.101,63975,256,6,64231
258,2020,1,San Luis,8301,7612,5,58.301,36.333,110404,148,21,110552
259,2020,1,Santa Cruz,12845,15766,1026,6.817,2.368,38625,197,6,38822
260,2020,1,Santa Fe,302366,383673,35123,30.488,19.468,770981,137,22,771118
261,2020,1,Santiago Del Estero,24695,70424,200,2.779,4.657,102754,1,10,102755
262,2020,1,Tierra Del Fuego,12854,25632,0,0.0,308.0,38505,289,7,38794
263,2020,1,Tucumán,143184,10494,44687,1.355,347.0,200045,22,32,200067
264,2019,4,Buenos Aires,720011,2191672,669194,87.111,18.266,3681120,5134,31,3686254
265,2019,4,Capital Federal,196938,1093143,35534,3.914,28.576,1356695,1410,44,1358105
266,2019,4,Catamarca,22999,3318,9506,261.0,2.227,38310,1,25,38311
267,2019,4,Chaco,48661,53602,8831,5.229,1.58,117900,3,23,117903
268,2019,4,Chubut,47045,26977,1324,15.267,5.489,95292,810,7,96102
269,2019,4,Córdoba,296872,410038,53335,37.75,8.693,806633,55,26,806688
270,2019,4,Corrientes,52525,51845,2002,2.458,5.004,113831,3,19,113834
271,2019,4,Entre Ríos,92981,99206,12875,18.561,15.407,239017,13,17,239030
272,2019,4,Formosa,21567,8684,1760,14.531,169.0,46711,0,15,46711
273,2019,4,Jujuy,32949,37604,873,814.0,16.641,88881,0,13,88881
274,2019,4,La Pampa,15457,56854,4942,11.341,1.805,90280,119,7,90399
275,2019,4,La Rioja,13738,34984,0,251.0,29.0,48999,3,8,49002
276,2019,4,Mendoza,96678,49711,24989,13.672,730.0,185157,623,8,185780
277,2019,4,Misiones,53116,69676,847,441.0,11.733,135813,0,20,135813
278,2019,4,Neuquén,29826,60970,10549,14.246,854.0,116069,376,26,116445
279,2019,4,Río Negro,49747,37933,9658,11.437,18.365,126636,504,17,127140
280,2019,4,Salta,63272,76062,21865,3.04,8.206,172443,2,19,172445
281,2019,4,San Juan,41360,6338,4931,7.241,5.104,64715,259,6,64974
282,2019,4,San Luis,8569,8027,6,55.266,36.333,108053,148,21,108201
283,2019,4,Santa Cruz,13264,15899,1036,6.8,2.371,39170,200,5,39370
284,2019,4,Santa Fe,312072,382254,27464,26.978,20.401,769019,150,21,769169
285,2019,4,Santiago Del Estero,24682,71239,200,2.81,4.657,103587,1,10,103588
286,2019,4,Tierra Del Fuego,13261,26821,0,0.0,310.0,40101,291,7,40392
287,2019,4,Tucumán,146985,11012,39574,725.0,348.0,198621,23,30,198644
288,2019,3,Buenos Aires,1277249,2144956,425386,85.572,27.07,3950114,10119,26,3960233
289,2019,3,Capital Federal,300288,1080973,24900,3.895,31.155,1437734,3477,39,1441211
290,2019,3,Catamarca,24349,5543,13,244.0,2.251,32391,9,9,32400
291,2019,3,Chaco,50416,49156,8063,5.224,1.592,114438,13,20,114451
292,2019,3,Chubut,37298,27090,1917,15.149,7.551,87481,1524,7,89005
293,2019,3,Córdoba,307780,399231,30064,37.277,8.701,782946,107,23,783053
294,2019,3,Corrientes,53344,50230,1888,2.458,4.839,112749,10,17,112759
295,2019,3,Entre Ríos,94947,96305,12888,18.53,15.432,238057,45,15,238102
296,2019,3,Formosa,21777,8359,1476,14.292,162.0,46066,0,13,46066
297,2019,3,Jujuy,33110,35742,274,812.0,16.638,86575,1,12,86576
298,2019,3,La Pampa,19469,52941,4994,11.462,1.962,90559,269,6,90828
299,2019,3,La Rioja,14390,34984,11,251.0,41.0,49659,18,8,49677
300,2019,3,Mendoza,148640,54312,6865,12.975,1.545,223015,1322,6,224337
301,2019,3,Misiones,54493,65872,829,419.0,12.27,133883,0,18,133883
302,2019,3,Neuquén,43347,60484,5560,13.512,2.518,123435,1986,24,125421
303,2019,3,Río Negro,67478,37425,9739,10.806,18.847,143391,904,16,144295
304,2019,3,Salta,65799,74329,733,1.58,9.394,151834,1,15,151835
305,2019,3,San Juan,51670,7425,1227,7.241,5.535,72535,563,6,73098
306,2019,3,San Luis,13037,10561,350,62.286,36.466,122409,291,20,122700
307,2019,3,Santa Cruz,10663,17056,969,6.544,2.738,37642,328,5,37970
308,2019,3,Santa Fe,319396,377171,18690,24.269,21.408,760706,228,18,760934
309,2019,3,Santiago Del Estero,24556,71198,219,2.759,34.4,133130,2,9,133132
310,2019,3,Tierra Del Fuego,19790,26659,651,0.0,1.487,48043,544,7,48587
311,2019,3,Tucumán,150918,12089,116,684.0,324.0,164099,32,19,164131
312,2019,2,Buenos Aires,1284658,2079900,382971,75.24,32.929,3845594,10104,22,3855698
313,2019,2,Capital Federal,309937,1061358,36082,3.962,4.281,1412177,3443,30,1415620
314,2019,2,Catamarca,25682,5543,13,146.0,2.251,33626,9,9,33635
315,2019,2,Chaco,50765,47448,4203,4.727,1.591,108721,13,16,108734
316,2019,2,Chubut,37313,26338,1917,14.443,7.545,86038,1518,6,87556
317,2019,2,Córdoba,314768,388254,23023,33.847,15.236,775023,105,18,775128
318,2019,2,Corrientes,53835,47431,1701,2.444,6.138,111539,10,14,111549
319,2019,2,Entre Ríos,97081,91081,12764,17.369,17.529,235780,44,12,235824
320,2019,2,Formosa,21916,8686,1382,14.292,162.0,46438,0,11,46438
321,2019,2,Jujuy,33022,30742,274,812.0,21.857,86706,1,12,86707
322,2019,2,La Pampa,19471,52101,4840,10.789,3.004,89937,268,5,90205
323,2019,2,La Rioja,15014,34984,11,251.0,41.0,50283,18,8,50301
324,2019,2,Mendoza,148673,54027,6865,12.748,1.544,222535,1322,6,223857
325,2019,2,Misiones,55373,64272,543,421.0,12.269,132878,0,14,132878
326,2019,2,Neuquén,43420,59021,4983,12.792,2.737,120954,1999,17,122953
327,2019,2,Río Negro,67841,36527,4037,10.485,19.657,137632,915,12,138547
328,2019,2,Salta,68827,62343,725,1.21,9.463,142567,1,13,142568
329,2019,2,San Juan,51680,7425,1174,2.87,6.876,69461,564,6,70025
330,2019,2,San Luis,11130,10298,347,57.242,38.368,117094,291,20,117385
331,2019,2,Santa Cruz,10665,10257,379,6.514,2.735,30225,325,6,30550
332,2019,2,Santa Fe,325420,355140,18236,21.98,22.708,743258,226,15,743484
333,2019,2,Santiago Del Estero,24393,64783,219,2.759,34.6,126752,2,7,126754
334,2019,2,Tierra Del Fuego,19790,25527,651,0.0,1.486,46910,544,6,47454
335,2019,2,Tucumán,153121,12089,116,684.0,321.0,166299,32,19,166331
336,2019,1,Buenos Aires,1304507,2020730,336362,64.867,20.201,3736563,10104,20,3746667
337,2019,1,Capital Federal,328246,1030814,32281,3.978,4.281,1396157,3443,25,1399600
338,2019,1,Catamarca,26912,4443,16,0.0,2.251,33613,9,8,33622
339,2019,1,Chaco,53409,43555,1951,3.628,1.134,103664,13,13,103677
340,2019,1,Chubut,37302,23065,1923,14.443,3.045,78260,1518,6,79778
341,2019,1,Córdoba,323272,363959,19902,24.615,12.367,744010,105,16,744115
342,2019,1,Corrientes,55842,43444,1615,1.528,58.0,102477,10,12,102487
343,2019,1,Entre Ríos,100999,90253,12723,16.231,12.241,232403,44,11,232447
344,2019,1,Formosa,22570,7878,940,13.761,62.0,45211,0,10,45211
345,2019,1,Jujuy,33248,12484,153,640.0,43.622,90146,1,9,90147
346,2019,1,La Pampa,18832,57373,2891,9.023,1.041,88892,268,5,89160
347,2019,1,La Rioja,16367,34984,12,252.0,41.0,51638,18,7,51656
348,2019,1,Mendoza,148524,40205,5662,10.363,1.544,204976,1322,6,206298
349,2019,1,Misiones,54898,59214,465,426.0,7.717,122720,0,13,122720
350,2019,1,Neuquén,40747,55634,3114,12.51,2.372,112321,2056,16,114377
351,2019,1,Río Negro,68377,34124,3994,9.736,4.857,120173,915,10,121088
352,2019,1,Salta,74426,57933,647,1.135,1.879,136019,1,10,136020
353,2019,1,San Juan,51660,5838,808,2.932,1.207,61881,564,6,62445
354,2019,1,San Luis,11108,7784,378,53.097,23.968,96044,291,9,96335
355,2019,1,Santa Cruz,10659,4615,382,6.514,2.735,24580,325,6,24905
356,2019,1,Santa Fe,340038,340344,15621,23.215,17.86,736851,227,13,737078
357,2019,1,Santiago Del Estero,25337,61547,23,2.847,99.0,89851,2,6,89853
358,2019,1,Tierra Del Fuego,19789,23549,1623,0.0,1.486,45903,544,6,46447
359,2019,1,Tucumán,159215,11670,118,678.0,321.0,171970,32,17,172002
360,2018,4,Buenos Aires,1305576,1949637,296102,65.477,19.814,3626502,10104,17,3636606
361,2018,4,Capital Federal,328253,1019490,33042,3.978,4.257,1385577,3443,23,1389020
362,2018,4,Catamarca,26912,4443,16,0.0,2.212,33574,9,8,33583
363,2018,4,Chaco,53409,43555,1940,3.236,1.13,103257,13,13,103270
364,2018,4,Chubut,37215,23065,952,14.443,3.047,77204,1518,6,78722
365,2018,4,Córdoba,328854,355716,17675,21.851,13.243,737234,105,16,737339
366,2018,4,Corrientes,55842,42418,796,1.515,30.0,100591,10,12,100601
367,2018,4,Entre Ríos,101168,86198,4853,15.472,14.356,222003,44,11,222047
368,2018,4,Formosa,22619,7880,887,13.761,57.0,45204,0,10,45204
369,2018,4,Jujuy,33248,12484,153,640.0,43.608,90132,1,9,90133
370,2018,4,La Pampa,18832,55337,2685,7.772,1.01,85368,268,4,85636
371,2018,4,La Rioja,16367,34984,12,252.0,36.0,51633,18,7,51651
372,2018,4,Mendoza,148524,40205,5665,10.363,1.547,204982,1322,6,206304
373,2018,4,Misiones,55500,53673,465,426.0,6.209,116273,0,12,116273
374,2018,4,Neuquén,40747,55634,3115,12.425,2.444,112309,2056,16,114365
375,2018,4,Río Negro,68377,34292,1299,8.037,4.832,115922,915,10,116837
376,2018,4,Salta,74295,57539,638,253.0,1.853,134577,1,10,134578
377,2018,4,San Juan,51660,5838,806,2.883,1.211,61834,564,6,62398
378,2018,4,San Luis,11108,7784,378,53.097,23.964,96040,291,9,96331
379,2018,4,Santa Cruz,10659,4615,382,6.378,2.734,24443,325,5,24768
380,2018,4,Santa Fe,335519,322782,14387,18.705,28.997,720161,229,13,720390
381,2018,4,Santiago Del Estero,25339,61243,23,2.649,81.0,89333,2,6,89335
382,2018,4,Tierra Del Fuego,19789,23349,1623,0.0,1.499,45716,544,7,46260
383,2018,4,Tucumán,159215,11670,119,686.0,314.0,171972,32,17,172004
384,2018,3,Buenos Aires,1435856,1929273,156382,62.318,26.448,3599714,10563,17,3610277
385,2018,3,Capital Federal,334353,1009252,35694,3.872,9.319,1385804,6686,22,1392490
386,2018,3,Catamarca,27553,4443,15,1.0,2.214,34215,11,8,34226
387,2018,3,Chaco,53927,42359,1990,2.628,1.129,102021,12,13,102033
388,2018,3,Chubut,58887,23065,1239,13.817,6.728,101310,2426,6,103736
389,2018,3,Córdoba,337620,342401,15785,19.213,10.839,725764,94,15,725858
390,2018,3,Corrientes,56444,41300,212,1.468,32.0,99445,11,11,99456
391,2018,3,Entre Ríos,103318,83714,2403,15.093,80.0,204560,48,11,204608
392,2018,3,Formosa,22777,7589,817,13.625,57.0,44865,0,9,44865
393,2018,3,Jujuy,33363,10856,32,641.0,43.0,44934,1,8,44935
394,2018,3,La Pampa,12415,54574,8437,7.011,987.0,83180,244,4,83424
395,2018,3,La Rioja,16587,34984,13,253.0,35.0,51855,17,6,51872
396,2018,3,Mendoza,151033,40205,5744,8.195,1.852,205545,1484,6,207029
397,2018,3,Misiones,56290,50793,512,391.0,56.0,108042,0,12,108042
398,2018,3,Neuquén,46602,54129,998,12.277,2.712,114713,2005,15,116718
399,2018,3,Río Negro,68590,33474,1252,5.051,5.125,112433,1059,10,113492
400,2018,3,Salta,76600,53980,678,234.0,1.391,132882,1,9,132883
401,2018,3,San Juan,54025,5838,826,2.744,1.048,63823,658,6,64481
402,2018,3,San Luis,11096,7784,368,52.859,2.314,74121,300,9,74421
403,2018,3,Santa Cruz,18606,4574,585,6.238,3.996,33565,434,5,33999
404,2018,3,Santa Fe,339126,312866,11749,16.337,15.022,694883,217,12,695100
405,2018,3,Santiago Del Estero,25805,58789,23,1.662,81.0,86358,2,6,86360
406,2018,3,Tierra Del Fuego,19365,22649,1502,1.0,2.047,45056,508,6,45564
407,2018,3,Tucumán,161209,9280,110,252.0,315.0,171135,31,15,171166
408,2018,2,Buenos Aires,1450203,1807868,143626,71.256,27.746,3490134,10565,15,3500699
409,2018,2,Capital Federal,342431,977916,35610,3.908,9.321,1362498,6688,19,1369186
410,2018,2,Catamarca,27444,4415,15,1.0,2.214,34078,11,8,34089
411,2018,2,Chaco,54134,40750,562,1.946,1.129,98509,12,12,98521
412,2018,2,Chubut,58935,19591,1239,14.07,6.729,98137,2427,5,100564
413,2018,2,Córdoba,345141,327636,13832,16.355,10.109,712979,94,14,713073
414,2018,2,Corrientes,56541,39715,201,1.468,32.0,97946,11,11,97957
415,2018,2,Entre Ríos,104811,80376,2405,12.313,80.0,199937,48,10,199985
416,2018,2,Formosa,23543,7311,18,13.625,57.0,44554,0,9,44554
417,2018,2,Jujuy,33571,10856,23,640.0,43.0,45132,1,6,45133
418,2018,2,La Pampa,12416,53587,8420,7.011,987.0,82177,244,4,82421
419,2018,2,La Rioja,16663,34984,13,253.0,35.0,51931,17,6,51948
420,2018,2,Mendoza,152938,36872,3084,6.206,1.852,199468,1484,6,200952
421,2018,2,Misiones,57265,47923,512,391.0,56.0,106147,0,12,106147
422,2018,2,Neuquén,46633,52855,998,12.649,2.713,113842,2006,13,115848
423,2018,2,Río Negro,68667,32795,1252,4.396,5.125,111176,1059,10,112235
424,2018,2,Salta,78386,53478,678,234.0,1.391,134166,1,9,134167
425,2018,2,San Juan,54080,5068,826,3.079,1.048,63443,658,6,64101
426,2018,2,San Luis,11104,7666,368,16.0,2.314,21168,300,6,21468
427,2018,2,Santa Cruz,18615,4474,585,6.734,3.997,33970,435,5,34405
428,2018,2,Santa Fe,337934,304349,11354,15.801,15.114,684243,309,12,684552
429,2018,2,Santiago Del Estero,26074,55935,23,1.662,81.0,83773,2,6,83775
430,2018,2,Tierra Del Fuego,19372,22756,531,1.0,2.047,44199,508,6,44707
431,2018,2,Tucumán,160315,8965,110,252.0,315.0,169926,31,14,169957
432,2018,1,Buenos Aires,1452061,1793884,133928,64.379,31.194,3464882,10564,14,3475446
433,2018,1,Capital Federal,349995,968483,35535,3.164,9.393,1359882,6688,18,1366570
434,2018,1,Catamarca,27300,4415,15,1.0,2.214,33934,11,8,33945
435,2018,1,Chaco,54879,40157,383,388.0,1.13,96925,12,12,96937
436,2018,1,Chubut,56375,19591,1194,14.07,6.729,95532,2427,5,97959
437,2018,1,Córdoba,349342,326894,13178,13.237,11.275,713825,101,13,713926
438,2018,1,Corrientes,56937,35225,888,1.334,33.0,94406,11,11,94417
439,2018,1,Entre Ríos,106998,75751,3789,10.776,80.0,197346,48,10,197394
440,2018,1,Formosa,23556,7095,17,1.603,57.0,32328,0,11,32328
441,2018,1,Jujuy,33856,10456,23,28.0,43.0,44405,1,7,44406
442,2018,1,La Pampa,10807,51389,8386,10.556,1.926,82668,396,4,83064
443,2018,1,La Rioja,16960,34984,13,253.0,35.0,52228,17,6,52245
444,2018,1,Mendoza,152931,36872,3086,6.206,1.852,199463,1484,6,200947
445,2018,1,Misiones,56311,46880,328,5.0,56.0,103580,0,12,103580
446,2018,1,Neuquén,46714,55072,1000,12.404,2.713,115897,2006,12,117903
447,2018,1,Río Negro,68769,31712,1251,4.259,5.128,110057,1062,9,111119
448,2018,1,Salta,79936,51534,118,204.0,1.391,133182,1,9,133183
449,2018,1,San Juan,54080,5068,826,2.246,1.048,62610,658,6,63268
450,2018,1,San Luis,11104,7594,368,16.0,2.314,21096,300,6,21396
451,2018,1,Santa Cruz,18615,4474,1799,6.734,2.783,33970,435,5,34405
452,2018,1,Santa Fe,341997,300421,10674,11.636,15.298,679717,309,11,680026
453,2018,1,Santiago Del Estero,26788,54594,23,1.432,81.0,82916,2,6,82918
454,2018,1,Tierra Del Fuego,19372,9663,531,1.0,2.047,31106,508,6,31614
455,2018,1,Tucumán,158611,8921,107,368.0,50.0,168026,31,9,168057
456,2017,4,Buenos Aires,1241172,1718013,131181,60.082,31.448,3171206,10690,13,3181896
457,2017,4,Capital Federal,571363,961688,36277,3.119,9.877,1575418,6906,15,1582324
458,2017,4,Catamarca,27083,263,11,1.0,2.2,29548,10,8,29558
459,2017,4,Chaco,55035,39690,389,380.0,1.121,96603,12,12,96615
460,2017,4,Chubut,56378,15097,1187,14.07,6.708,91012,2428,5,93440
461,2017,4,Córdoba,349710,324709,12778,12.043,10.739,709874,105,12,709979
462,2017,4,Corrientes,56786,34722,894,1.334,35.0,93760,11,10,93771
463,2017,4,Entre Ríos,107764,73692,1894,10.267,86.0,193654,49,9,193703
464,2017,4,Formosa,23410,6973,19,1.603,51.0,32056,0,10,32056
465,2017,4,Jujuy,33844,9626,20,28.0,34.0,43551,1,7,43552
466,2017,4,La Pampa,10808,50495,8272,10.569,1.927,81675,396,4,82071
467,2017,4,La Rioja,16912,34984,14,253.0,31.0,52177,17,6,52194
468,2017,4,Mendoza,152896,16114,3015,6.206,1.92,178661,1490,6,180151
469,2017,4,Misiones,56271,47470,95,5.0,54.0,103895,0,11,103895
470,2017,4,Neuquén,46739,54119,1017,12.404,2.692,114965,2006,11,116971
471,2017,4,Río Negro,68690,30451,1250,4.259,5.114,108702,1062,8,109764
472,2017,4,Salta,80705,50446,127,158.0,1.376,132811,1,8,132812
473,2017,4,San Juan,54079,451,812,2.246,1.036,57965,659,6,58624
474,2017,4,San Luis,11104,1119,335,17.0,2.329,14604,300,6,14904
475,2017,4,Santa Cruz,18614,1668,582,4.638,3.95,29018,434,5,29452
476,2017,4,Santa Fe,341680,293831,10602,10.965,15.382,672137,323,10,672460
477,2017,4,Santiago Del Estero,27313,40407,19,1.025,80.0,68842,2,6,68844
478,2017,4,Tierra Del Fuego,19372,6906,530,1.0,2.045,28346,508,5,28854
479,2017,4,Tucumán,156583,5223,105,102.0,319.0,162298,34,9,162332
480,2017,3,Buenos Aires,1288025,1571180,124920,35.058,38.777,3046758,11202,8,3057960
481,2017,3,Capital Federal,583249,941092,33481,2.814,9.723,1563289,7070,11,1570359
482,2017,3,Catamarca,26873,4411,12,1.0,2.181,33467,11,5,33478
483,2017,3,Chaco,54888,37307,456,36.0,1.072,93747,12,8,93759
484,2017,3,Chubut,56359,5645,1217,13.503,6.82,81067,2477,3,83544
485,2017,3,Córdoba,344580,319360,10579,7.137,14.988,696536,108,9,696644
486,2017,3,Corrientes,56247,33993,947,1.334,27.0,92536,12,7,92548
487,2017,3,Entre Ríos,107774,69596,1786,6.245,63.0,185414,50,7,185464
488,2017,3,Formosa,22647,6816,428,2.202,12.0,32105,0,7,32105
489,2017,3,Jujuy,33796,9395,20,23.0,8.0,43241,1,5,43242
490,2017,3,La Pampa,11378,49679,5153,11.536,1.944,79280,410,3,79690
491,2017,3,La Rioja,16638,34984,14,252.0,25.0,51896,17,5,51913
492,2017,3,Mendoza,154036,33788,2772,29.0,1.866,190958,1533,4,192491
493,2017,3,Misiones,56472,43880,110,5.0,9.0,100476,0,8,100476
494,2017,3,Neuquén,48001,52468,1044,11.576,2.695,113755,2029,8,115784
495,2017,3,Río Negro,69301,30018,1106,3.054,4.017,106393,1103,5,107496
496,2017,3,Salta,80782,50284,127,158.0,1.167,132517,1,6,132518
497,2017,3,San Juan,54499,5068,816,1.053,1.013,61789,660,3,62449
498,2017,3,San Luis,11407,7576,347,26.0,2.363,21408,311,4,21719
499,2017,3,Santa Cruz,19220,5487,1544,4.552,2.887,33222,468,4,33690
500,2017,3,Santa Fe,322953,290655,6338,4.897,37.499,662086,256,8,662342
501,2017,3,Santiago Del Estero,27733,54096,19,911.0,35.0,82792,2,5,82794
502,2017,3,Tierra Del Fuego,21587,7012,622,1.0,2.244,30883,583,3,31466
503,2017,3,Tucumán,154130,6431,106,40.0,305.0,160979,33,6,161012
504,2017,2,Buenos Aires,1378549,1535037,119132,21.555,24.358,3067430,11201,7,3078631
505,2017,2,Capital Federal,615262,932466,38628,2.819,11.016,1592175,8016,9,1600191
506,2017,2,Catamarca,26401,255,14,1.0,34.0,26692,13,5,26705
507,2017,2,Chaco,54449,35613,458,52.0,39.0,90597,14,8,90611
508,2017,2,Chubut,43994,1067,916,13.194,4.804,62245,1730,3,63975
509,2017,2,Córdoba,341748,303488,4451,6.446,1.505,657505,133,7,657638
510,2017,2,Corrientes,55262,33192,258,1.354,31.0,90085,12,7,90097
511,2017,2,Entre Ríos,108309,67650,254,6.448,71.0,182675,57,6,182732
512,2017,2,Formosa,22493,6410,17,1.023,13.0,29956,0,6,29956
513,2017,2,Jujuy,33742,8858,22,0.0,35.0,42656,1,5,42657
514,2017,2,La Pampa,12754,48310,5194,6.253,511.0,72573,449,3,73022
515,2017,2,La Rioja,16244,0,15,2.0,28.0,16271,18,6,16289
516,2017,2,Mendoza,153331,13030,2581,27.0,1.784,169302,1451,4,170753
517,2017,2,Misiones,56752,42925,103,5.0,9.0,99794,0,8,99794
518,2017,2,Neuquén,51794,50283,1133,11.545,2.678,115321,2112,7,117433
519,2017,2,Río Negro,67038,29147,961,3.213,1.26,100621,998,5,101619
520,2017,2,Salta,80184,27280,115,158.0,804.0,108540,1,6,108541
521,2017,2,San Juan,48670,451,772,1.073,915.0,51261,620,3,51881
522,2017,2,San Luis,11432,1120,354,26.0,375.0,12992,315,4,13307
523,2017,2,Santa Cruz,15311,2722,1365,4.735,2.255,26019,369,4,26388
524,2017,2,Santa Fe,329813,228102,3234,4.958,1.173,566918,362,7,567280
525,2017,2,Santiago Del Estero,28337,3900,19,911.0,29.0,33194,2,5,33196
526,2017,2,Tierra Del Fuego,22636,6905,665,1.0,2.35,31938,619,3,32557
527,2017,2,Tucumán,149013,5223,116,14.0,45.0,154374,37,6,154411
528,2017,1,Buenos Aires,1559178,1465817,118839,21.2,24.342,3178174,11202,7,3189376
529,2017,1,Capital Federal,428801,918328,38259,2.73,10.928,1391030,8016,8,1399046
530,2017,1,Catamarca,26020,248,14,1.0,34.0,26304,13,5,26317
531,2017,1,Chaco,54430,34277,252,52.0,39.0,89036,14,7,89050
532,2017,1,Chubut,43994,999,916,13.194,4.793,62166,1730,3,63896
533,2017,1,Córdoba,335673,293479,4871,5.782,1.394,641066,133,7,641199
534,2017,1,Corrientes,54993,31994,236,1.354,31.0,88596,12,6,88608
535,2017,1,Entre Ríos,108509,65095,230,6.448,71.0,180296,57,6,180353
536,2017,1,Formosa,22438,6215,16,1.023,13.0,29705,0,6,29705
537,2017,1,Jujuy,33869,9278,22,0.0,34.0,43202,1,4,43203
538,2017,1,La Pampa,12754,47195,5194,6.253,517.0,71458,455,3,71913
539,2017,1,La Rioja,16180,0,15,2.0,28.0,16207,18,5,16225
540,2017,1,Mendoza,153326,13030,2581,27.0,1.769,169282,1451,4,170733
541,2017,1,Misiones,57363,40142,101,5.0,8.0,97619,0,7,97619
542,2017,1,Neuquén,51771,48109,1124,11.665,2.67,113227,2112,6,115339
543,2017,1,Río Negro,67075,28785,954,3.213,1.261,100288,1000,4,101288
544,2017,1,Salta,79837,26845,114,158.0,679.0,107632,1,5,107633
545,2017,1,San Juan,48670,451,772,1.073,907.0,51253,620,3,51873
546,2017,1,San Luis,11432,1120,354,26.0,375.0,12992,315,4,13307
547,2017,1,Santa Cruz,15502,2722,1272,4.733,2.257,26116,370,4,26486
548,2017,1,Santa Fe,327458,226094,3210,4.948,1.172,562520,362,6,562882
549,2017,1,Santiago Del Estero,29616,3900,19,911.0,29.0,34473,2,5,34475
550,2017,1,Tierra Del Fuego,22636,6905,665,1.0,2.35,31938,619,3,32557
551,2017,1,Tucumán,147373,5223,116,14.0,45.0,152734,37,6,152771
552,2016,4,Buenos Aires,1563542,1414676,118747,21.394,24.342,3131499,11202,6,3142701
553,2016,4,Capital Federal,434835,914952,38161,2.583,10.928,1393443,8016,8,1401459
554,2016,4,Catamarca,26735,250,14,1.0,34.0,27021,13,5,27034
555,2016,4,Chaco,54974,33534,248,52.0,39.0,88833,14,7,88847
556,2016,4,Chubut,43994,955,916,13.107,4.793,62035,1730,3,63765
557,2016,4,Córdoba,337368,289344,3368,5.686,789.0,636422,133,6,636555
558,2016,4,Corrientes,54981,31497,233,1.354,31.0,88084,12,6,88096
559,2016,4,Entre Ríos,109359,64141,226,6.448,71.0,180188,57,6,180245
560,2016,4,Formosa,22400,6061,16,1.023,13.0,29513,0,6,29513
561,2016,4,Jujuy,33838,8731,22,0.0,34.0,42624,1,4,42625
562,2016,4,La Pampa,12754,47245,5054,6.253,522.0,71368,460,3,71828
563,2016,4,La Rioja,16270,0,16,2.0,28.0,16298,18,5,16316
564,2016,4,Mendoza,153320,13030,2579,27.0,1.769,169274,1451,4,170725
565,2016,4,Misiones,57983,39294,100,5.0,8.0,97390,0,7,97390
566,2016,4,Neuquén,51742,46389,1124,11.91,2.67,111723,2112,6,113835
567,2016,4,Río Negro,67057,28474,954,3.274,1.261,100020,1000,4,101020
568,2016,4,Salta,79389,26657,110,158.0,621.0,106934,1,5,106935
569,2016,4,San Juan,48670,451,772,1.121,907.0,51301,620,3,51921
570,2016,4,San Luis,11432,1120,354,26.0,375.0,12992,315,4,13307
571,2016,4,Santa Cruz,15607,2722,1055,4.823,2.257,26094,370,4,26464
572,2016,4,Santa Fe,326721,225792,3201,4.946,1.172,561470,362,6,561832
573,2016,4,Santiago Del Estero,30192,3900,19,911.0,29.0,35049,2,5,35051
574,2016,4,Tierra Del Fuego,22636,6905,665,1.0,2.35,31938,619,3,32557
575,2016,4,Tucumán,146995,4482,116,14.0,45.0,151615,37,6,151652
576,2016,3,Buenos Aires,1574216,1355770,113463,18.867,24.276,3075387,11205,6,3086592
577,2016,3,Capital Federal,447726,905105,36796,2.514,10.963,1395053,8051,7,1403104
578,2016,3,Catamarca,26689,248,14,1.0,18.0,26957,13,5,26970
579,2016,3,Chaco,56251,32730,232,2.0,15.0,89216,14,7,89230
580,2016,3,Chubut,43987,935,916,13.364,4.75,62222,1730,3,63952
581,2016,3,Córdoba,348481,285480,2540,5.695,395.0,642458,133,6,642591
582,2016,3,Corrientes,55934,30813,217,1.354,22.0,88328,12,6,88340
583,2016,3,Entre Ríos,112588,61850,206,6.441,64.0,181092,57,6,181149
584,2016,3,Formosa,21800,5905,9,0.0,2.0,27716,0,5,27716
585,2016,3,Jujuy,34250,8236,22,0.0,30.0,42537,1,4,42538
586,2016,3,La Pampa,12751,45952,4910,6.236,515.0,69903,461,3,70364
587,2016,3,La Rioja,16891,0,15,2.0,22.0,16912,18,5,16930
588,2016,3,Mendoza,153233,13030,2576,28.0,1.757,169174,1450,4,170624
589,2016,3,Misiones,59776,38130,79,5.0,7.0,97997,0,7,97997
590,2016,3,Neuquén,51752,44739,1093,12.402,2.617,110491,2112,5,112603
591,2016,3,Río Negro,67043,28496,942,3.293,1.252,100024,1002,4,101026
592,2016,3,Salta,80866,26113,90,157.0,565.0,107790,1,5,107791
593,2016,3,San Juan,48670,451,770,1.174,903.0,51348,620,3,51968
594,2016,3,San Luis,11432,1113,354,23.0,371.0,12978,315,4,13293
595,2016,3,Santa Cruz,15570,2722,817,4.978,2.17,25886,371,4,26257
596,2016,3,Santa Fe,334911,223011,3037,4.862,1.19,566625,386,6,567011
597,2016,3,Santiago Del Estero,31730,3900,19,3.0,8.0,35658,2,5,35660
598,2016,3,Tierra Del Fuego,22636,6276,665,1.0,2.347,31306,619,3,31925
599,2016,3,Tucumán,147259,3850,116,53.0,41.0,151282,37,6,151319
600,2016,2,Buenos Aires,1579448,1305949,113070,21.163,25.661,3032776,12515,5,3045291
601,2016,2,Capital Federal,450644,892209,36669,2.39,12.672,1384824,9760,7,1394584
602,2016,2,Catamarca,26262,245,14,1.0,34.0,26543,13,4,26556
603,2016,2,Chaco,56112,31825,221,52.0,41.0,88235,16,6,88251
604,2016,2,Chubut,43977,867,916,13.293,4.803,62116,1740,3,63856
605,2016,2,Córdoba,348891,277615,1709,5.61,1.089,634680,234,6,634914
606,2016,2,Corrientes,55511,29845,203,1.354,43.0,86932,24,6,86956
607,2016,2,Entre Ríos,112809,58768,169,6.434,193.0,178194,179,5,178373
608,2016,2,Formosa,22101,5658,6,1.023,14.0,28801,1,5,28802
609,2016,2,Jujuy,33758,7374,22,0.0,35.0,41187,2,4,41189
610,2016,2,La Pampa,12754,44654,4708,6.225,547.0,68403,485,3,68888
611,2016,2,La Rioja,16691,0,15,2.0,28.0,16718,18,5,16736
612,2016,2,Mendoza,153321,13030,2576,29.0,1.868,169274,1550,4,170824
613,2016,2,Misiones,59573,36145,77,5.0,15.0,95808,7,6,95815
614,2016,2,Neuquén,51742,42370,1088,12.466,2.849,108224,2291,5,110515
615,2016,2,Río Negro,67031,28100,939,3.3,1.334,99631,1073,4,100704
616,2016,2,Salta,79438,24719,85,151.0,539.0,104929,3,5,104932
617,2016,2,San Juan,48670,451,770,1.214,908.0,51392,621,3,52013
618,2016,2,San Luis,11432,1063,354,30.0,377.0,12939,317,4,13256
619,2016,2,Santa Cruz,15453,2722,396,4.996,2.586,25797,356,4,26153
620,2016,2,Santa Fe,336244,219088,2981,4.744,1.417,563867,607,5,564474
621,2016,2,Santiago Del Estero,32101,3900,19,911.0,30.0,36958,3,4,36961
622,2016,2,Tierra Del Fuego,22636,5707,665,1.0,2.35,30740,619,3,31359
623,2016,2,Tucumán,145486,2968,116,58.0,49.0,148636,41,5,148677
624,2016,1,Buenos Aires,1583560,1200859,111231,21.108,25.757,2929903,12612,5,2942515
625,2016,1,Capital Federal,454425,832126,36332,2.284,12.729,1328079,9817,6,1337896
626,2016,1,Catamarca,26096,243,15,1.0,34.0,26376,13,4,26389
627,2016,1,Chaco,56353,29994,211,52.0,41.0,86635,16,6,86651
628,2016,1,Chubut,43967,834,916,13.28,4.803,62060,1740,3,63800
629,2016,1,Córdoba,350884,252346,674,5.636,386.0,609692,234,5,609926
630,2016,1,Corrientes,55454,28491,192,1.354,45.0,85510,26,5,85536
631,2016,1,Entre Ríos,113101,54948,146,6.425,193.0,174634,179,5,174813
632,2016,1,Formosa,21852,5420,5,1.023,14.0,28313,1,5,28314
633,2016,1,Jujuy,33481,6751,22,0.0,35.0,40287,2,4,40289
634,2016,1,La Pampa,12754,41881,4536,6.209,549.0,65442,487,3,65929
635,2016,1,La Rioja,16645,0,16,2.0,28.0,16673,18,5,16691
636,2016,1,Mendoza,153299,13030,2576,34.0,1.871,169257,1553,4,170810
637,2016,1,Misiones,59538,33330,70,5.0,15.0,92951,7,6,92958
638,2016,1,Neuquén,51702,36122,1085,12.502,2.85,101969,2292,4,104261
639,2016,1,Río Negro,66894,27312,937,3.341,1.338,98745,1077,4,99822
640,2016,1,Salta,78973,22741,73,132.0,507.0,102423,3,5,102426
641,2016,1,San Juan,48670,451,770,1.195,908.0,51373,621,3,51994
642,2016,1,San Luis,11432,1042,354,27.0,377.0,12915,317,4,13232
643,2016,1,Santa Cruz,15654,2723,396,5.088,2.426,25931,356,3,26287
644,2016,1,Santa Fe,338052,204816,3014,4.686,1.428,551378,618,5,551996
645,2016,1,Santiago Del Estero,32838,3900,19,911.0,30.0,37695,3,4,37698
646,2016,1,Tierra Del Fuego,22636,4834,665,1.0,2.35,29867,619,3,30486
647,2016,1,Tucumán,144233,2165,116,74.0,49.0,146596,41,5,146637
648,2015,4,Buenos Aires,1586343,1223603,103269,20.397,25.773,2946743,12642,5,2959385
649,2015,4,Capital Federal,455427,879950,19818,2.273,12.758,1360381,9845,6,1370226
650,2015,4,Catamarca,26180,242,15,1.0,34.0,26459,13,4,26472
651,2015,4,Chaco,56818,29456,186,52.0,41.0,86537,16,6,86553
652,2015,4,Chubut,43968,811,916,13.521,4.803,62279,1740,3,64019
653,2015,4,Córdoba,353530,266062,480,5.613,385.0,625835,235,5,626070
654,2015,4,Corrientes,55681,28178,177,1.354,45.0,85409,26,5,85435
655,2015,4,Entre Ríos,113983,53411,122,6.427,194.0,173957,180,5,174137
656,2015,4,Formosa,21734,5314,4,1.023,14.0,28088,1,5,28089
657,2015,4,Jujuy,32934,6933,22,0.0,35.0,39922,2,4,39924
658,2015,4,La Pampa,12755,42705,4327,6.205,374.0,66054,312,3,66366
659,2015,4,La Rioja,16886,0,16,2.0,28.0,16914,18,5,16932
660,2015,4,Mendoza,153293,13030,2572,38.0,1.874,169251,1556,4,170807
661,2015,4,Misiones,60252,32533,48,5.0,15.0,92846,7,6,92853
662,2015,4,Neuquén,51680,38902,1048,12.934,2.852,105122,2294,4,107416
663,2015,4,Río Negro,66851,27221,915,3.407,1.328,98655,1067,4,99722
664,2015,4,Salta,78744,22446,47,129.0,554.0,101917,3,5,101920
665,2015,4,San Juan,48670,451,770,1.23,908.0,51408,621,3,52029
666,2015,4,San Luis,11432,1025,354,30.0,377.0,12901,317,4,13218
667,2015,4,Santa Cruz,15614,2723,396,5.261,2.409,26047,356,3,26403
668,2015,4,Santa Fe,339843,212911,2885,4.596,1.437,561045,627,5,561672
669,2015,4,Santiago Del Estero,33582,4365,19,1.139,30.0,39132,3,4,39135
670,2015,4,Tierra Del Fuego,22636,4301,665,1.0,2.35,29334,619,3,29953
671,2015,4,Tucumán,144188,1653,116,88.0,50.0,146053,42,5,146095
672,2015,3,Buenos Aires,1585467,1183894,113590,19.989,25.825,2916070,12695,5,2928765
673,2015,3,Capital Federal,454815,871262,30974,2.229,12.788,1362193,9875,6,1372068
674,2015,3,Catamarca,25801,242,15,1.0,34.0,26080,13,4,26093
675,2015,3,Chaco,56282,28809,186,52.0,41.0,85354,16,5,85370
676,2015,3,Chubut,43964,792,916,13.408,4.803,62143,1740,3,63883
677,2015,3,Córdoba,351692,264055,1450,5.412,389.0,622761,237,5,622998
678,2015,3,Corrientes,55792,27604,176,1.34,47.0,84931,28,5,84959
679,2015,3,Entre Ríos,113909,51945,122,6.261,197.0,172252,182,5,172434
680,2015,3,Formosa,21573,5264,2,899.0,14.0,27751,1,4,27752
681,2015,3,Jujuy,32598,6895,22,0.0,35.0,39548,2,4,39550
682,2015,3,La Pampa,12755,41886,4078,6.195,557.0,64976,495,3,65471
683,2015,3,La Rioja,16725,0,16,2.0,28.0,16753,18,4,16771
684,2015,3,Mendoza,153299,13030,2572,42.0,1.88,169261,1562,4,170823
685,2015,3,Misiones,59921,31635,46,5.0,15.0,91615,7,6,91622
686,2015,3,Neuquén,47102,36620,1045,13.051,2.798,98376,2240,4,100616
687,2015,3,Río Negro,66806,27130,917,3.415,1.346,98529,1085,4,99614
688,2015,3,Salta,78064,21688,47,129.0,645.0,100570,3,4,100573
689,2015,3,San Juan,48670,451,770,1.231,908.0,51409,621,3,52030
690,2015,3,San Luis,11432,1025,354,31.0,377.0,12902,317,4,13219
691,2015,3,Santa Cruz,15540,2718,396,5.226,2.391,25912,359,3,26271
692,2015,3,Santa Fe,337042,209673,4169,4.426,1.428,556097,641,5,556738
693,2015,3,Santiago Del Estero,33886,4365,19,1.097,30.0,39394,3,4,39397
694,2015,3,Tierra Del Fuego,22636,8085,665,1.0,2.35,33118,619,3,33737
695,2015,3,Tucumán,142925,1135,116,88.0,50.0,144272,42,5,144314
696,2015,2,Buenos Aires,1581770,1141052,115660,19.268,26.04,2871079,12711,4,2883790
697,2015,2,Capital Federal,453178,858342,19786,2.172,12.806,1336391,9893,5,1346284
698,2015,2,Catamarca,25387,242,15,1.0,34.0,25666,13,4,25679
699,2015,2,Chaco,55767,27809,179,52.0,41.0,83832,16,5,83848
700,2015,2,Chubut,43949,762,916,13.055,4.803,61745,1740,3,63485
701,2015,2,Córdoba,348130,255596,435,5.199,386.0,609510,236,5,609746
702,2015,2,Corrientes,55238,26553,157,1.321,47.0,83288,28,5,83316
703,2015,2,Entre Ríos,113378,49767,119,6.031,197.0,169309,183,5,169492
704,2015,2,Formosa,21097,5164,2,737.0,50.0,27013,37,4,27050
705,2015,2,Jujuy,32183,5482,22,0.0,35.0,37720,2,3,37722
706,2015,2,La Pampa,12756,40825,3719,6.19,562.0,63552,500,3,64052
707,2015,2,La Rioja,16463,0,16,2.0,28.0,16491,18,4,16509
708,2015,2,Mendoza,153301,13030,2572,38.0,1.882,169259,1564,4,170823
709,2015,2,Misiones,59179,29283,37,5.0,15.0,88512,7,5,88519
710,2015,2,Neuquén,47078,34183,1044,12.781,2.799,95644,2241,4,97885
711,2015,2,Río Negro,66738,26268,916,3.457,1.348,97640,1087,4,98727
712,2015,2,Salta,77214,20297,47,129.0,580.0,98264,3,4,98267
713,2015,2,San Juan,48670,451,770,1.189,908.0,51367,621,3,51988
714,2015,2,San Luis,11432,1025,354,33.0,377.0,12904,317,4,13221
715,2015,2,Santa Cruz,15343,2707,396,4.917,2.4,25384,379,3,25763
716,2015,2,Santa Fe,333117,204685,2877,4.32,1.389,545739,649,4,546388
717,2015,2,Santiago Del Estero,33873,4365,19,1.091,30.0,39375,3,4,39378
718,2015,2,Tierra Del Fuego,22636,7927,665,1.0,2.35,32960,619,3,33579
719,2015,2,Tucumán,139944,479,116,88.0,50.0,140635,42,4,140677
720,2015,1,Buenos Aires,1583135,1096836,134177,18.754,28.94,2847076,14766,4,2861842
721,2015,1,Capital Federal,454934,841743,19334,1.994,14.716,1321139,11582,5,1332721
722,2015,1,Catamarca,25033,241,16,1.0,41.0,25312,20,3,25332
723,2015,1,Chaco,54952,26161,164,27.0,56.0,81329,31,5,81360
724,2015,1,Chubut,45645,717,906,12.54,5.465,63327,1946,3,65273
725,2015,1,Córdoba,343883,247564,415,4.645,450.0,596663,294,4,596957
726,2015,1,Corrientes,54649,25372,129,1.319,62.0,81488,43,5,81531
727,2015,1,Entre Ríos,112363,47411,108,5.943,245.0,165839,231,4,166070
728,2015,1,Formosa,21022,4951,1,670.0,56.0,26657,43,3,26700
729,2015,1,Jujuy,31505,5048,22,0.0,36.0,36608,3,3,36611
730,2015,1,La Pampa,13143,39571,3215,6.164,604.0,62155,542,3,62697
731,2015,1,La Rioja,16282,0,16,2.0,33.0,16310,23,4,16333
732,2015,1,Mendoza,152433,13030,2542,29.0,2.126,168355,1805,4,170160
733,2015,1,Misiones,58262,26836,30,5.0,13.0,85139,7,5,85146
734,2015,1,Neuquén,47518,32152,1024,12.088,2.96,93373,2369,4,95742
735,2015,1,Río Negro,66274,25217,907,3.473,1.462,96145,1188,4,97333
736,2015,1,Salta,76280,19781,47,129.0,574.0,96793,18,4,96811
737,2015,1,San Juan,48441,451,755,1.165,1.007,51117,702,3,51819
738,2015,1,San Luis,11414,1025,351,30.0,412.0,12878,354,4,13232
739,2015,1,Santa Cruz,16215,2700,392,4.772,2.562,26217,424,3,26641
740,2015,1,Santa Fe,328809,199037,2845,4.239,1.507,535640,797,4,536437
741,2015,1,Santiago Del Estero,33813,4365,19,1.02,35.0,39244,8,4,39252
742,2015,1,Tierra Del Fuego,22291,7924,657,1.0,2.583,32726,730,3,33456
743,2015,1,Tucumán,137857,115,116,88.0,100.0,138184,92,4,138276
744,2014,4,Buenos Aires,1575978,1070135,120528,17.728,32.038,2801178,15229,4,2816407
745,2014,4,Capital Federal,455785,840224,17155,1.962,15.394,1318526,11994,5,1330520
746,2014,4,Catamarca,25192,241,16,0.0,44.0,25472,21,3,25493
747,2014,4,Chaco,55024,10918,31,0.0,62.0,65998,37,4,66035
748,2014,4,Chubut,48539,697,891,12.256,6.159,66557,1985,3,68542
749,2014,4,Córdoba,345157,240452,419,3.918,486.0,590113,319,4,590432
750,2014,4,Corrientes,54754,9526,40,1.315,75.0,65656,54,4,65710
751,2014,4,Entre Ríos,112291,23027,57,5.178,260.0,140567,246,4,140813
752,2014,4,Formosa,21245,4896,1,0.0,65.0,26156,51,3,26207
753,2014,4,Jujuy,31349,4583,22,37.0,11.0,35999,3,3,36002
754,2014,4,La Pampa,16043,34281,514,5.894,648.0,56813,567,3,57380
755,2014,4,La Rioja,16352,0,17,0.0,33.0,16379,23,4,16402
756,2014,4,Mendoza,151797,13030,2534,31.0,2.222,167766,1848,4,169614
757,2014,4,Misiones,58435,18613,16,150.0,15.0,77222,7,4,77229
758,2014,4,Neuquén,47721,31778,1014,11.853,3.03,92999,2397,4,95396
759,2014,4,Río Negro,66307,23703,901,3.819,1.53,95050,1210,4,96260
760,2014,4,Salta,76026,17289,48,6.0,578.0,93921,26,4,93947
761,2014,4,San Juan,48653,451,740,1.202,1.073,51390,729,3,52119
762,2014,4,San Luis,11419,926,355,24.0,423.0,12788,359,4,13147
763,2014,4,Santa Cruz,17553,448,388,4.395,2.929,25277,436,3,25713
764,2014,4,Santa Fe,335267,183009,3205,6.282,1.634,528459,938,4,529397
765,2014,4,Santiago Del Estero,34110,4231,19,920.0,37.0,39308,9,3,39317
766,2014,4,Tierra Del Fuego,21948,3664,655,1.0,2.722,28249,741,3,28990
767,2014,4,Tucumán,137093,97,116,13.0,105.0,137329,95,4,137424
768,2014,3,Buenos Aires,1562533,1110628,124474,20.049,31.881,2835537,14028,4,2849565
769,2014,3,Capital Federal,450155,833402,17886,1.995,14.387,1307195,10630,4,1317825
770,2014,3,Catamarca,24380,244,15,0.0,47.0,24665,21,3,24686
771,2014,3,Chaco,53321,10336,29,1.0,59.0,63710,36,3,63746
772,2014,3,Chubut,49219,668,882,11.853,6.515,67130,2007,3,69137
773,2014,3,Córdoba,340212,240334,444,4.064,377.0,585231,200,4,585431
774,2014,3,Corrientes,52957,9184,31,1.312,65.0,63516,33,3,63549
775,2014,3,Entre Ríos,108907,22440,48,5.203,135.0,136618,115,3,136733
776,2014,3,Formosa,21021,4836,0,0.0,80.0,25873,64,3,25937
777,2014,3,Jujuy,30128,3541,22,37.0,13.0,33739,2,3,33741
778,2014,3,La Pampa,16051,33940,538,11.219,677.0,61861,564,3,62425
779,2014,3,La Rioja,15864,0,14,1.0,37.0,15893,23,3,15916
780,2014,3,Mendoza,150120,13030,2512,40.0,2.222,166184,1740,4,167924
781,2014,3,Misiones,56933,18373,4,3.0,14.0,75327,0,4,75327
782,2014,3,Neuquén,54458,30964,1000,12.858,3.087,100099,2268,4,102367
783,2014,3,Río Negro,65264,26590,888,3.533,1.505,96629,1151,3,97780
784,2014,3,Salta,73828,18394,43,109.0,580.0,92929,25,3,92954
785,2014,3,San Juan,48272,451,731,1.199,1.126,51031,748,3,51779
786,2014,3,San Luis,11303,925,355,25.0,438.0,12683,363,4,13046
787,2014,3,Santa Cruz,17862,492,385,4.273,3.098,25664,446,3,26110
788,2014,3,Santa Fe,325577,183630,4407,6.54,733.0,520196,691,3,520887
789,2014,3,Santiago Del Estero,32820,3900,19,768.0,41.0,37539,9,3,37548
790,2014,3,Tierra Del Fuego,21840,3469,650,1.0,2.832,28037,755,3,28792
791,2014,3,Tucumán,131739,97,117,13.0,100.0,131978,88,3,132066
792,2014,2,Buenos Aires,1568881,1025490,120008,17.02,33.147,2750430,14116,4,2764546
793,2014,2,Capital Federal,447637,828411,17729,1.883,14.555,1299502,10713,4,1310215
794,2014,2,Catamarca,24380,243,17,0.0,43.0,24660,23,3,24683
795,2014,2,Chaco,53321,9870,30,0.0,58.0,63243,36,3,63279
796,2014,2,Chubut,51070,649,866,10.96,6.974,68503,2016,3,70519
797,2014,2,Córdoba,337825,234729,351,3.673,374.0,576747,205,4,576952
798,2014,2,Corrientes,52883,8680,31,1.309,55.0,62925,33,3,62958
799,2014,2,Entre Ríos,108900,21706,49,4.795,133.0,135468,115,3,135583
800,2014,2,Formosa,20894,4628,0,0.0,78.0,25535,65,3,25600
801,2014,2,Jujuy,30128,4161,23,40.0,9.0,34359,2,3,34361
802,2014,2,La Pampa,15957,32600,513,5.869,689.0,55048,580,3,55628
803,2014,2,La Rioja,15864,0,14,0.0,34.0,15889,23,3,15912
804,2014,2,Mendoza,148979,13030,2480,36.0,2.282,165046,1761,4,166807
805,2014,2,Misiones,56933,17594,4,150.0,8.0,74689,0,4,74689
806,2014,2,Neuquén,47767,29776,997,10.765,2.983,90053,2235,4,92288
807,2014,2,Río Negro,64920,24944,876,3.657,1.56,94812,1145,3,95957
808,2014,2,Salta,73841,17504,45,7.0,577.0,91949,25,3,91974
809,2014,2,San Juan,48161,451,722,1.139,1.173,50891,755,3,51646
810,2014,2,San Luis,11306,925,354,22.0,448.0,12691,364,4,13055
811,2014,2,Santa Cruz,18956,448,381,4.118,3.266,26710,459,3,27169
812,2014,2,Santa Fe,324101,178495,3085,6.041,636.0,511753,605,3,512358
813,2014,2,Santiago Del Estero,32820,4231,19,907.0,34.0,38002,9,3,38011
814,2014,2,Tierra Del Fuego,21618,3008,648,1.0,2.934,27443,766,3,28209
815,2014,2,Tucumán,131740,97,121,13.0,98.0,131981,88,3,132069
816,2014,1,Buenos Aires,1567685,1000879,120960,16.528,33.824,2725732,14144,4,2739876
817,2014,1,Capital Federal,445569,820161,17767,1.866,14.555,1289204,10714,4,1299918
818,2014,1,Catamarca,24126,46,17,0.0,43.0,24209,23,3,24232
819,2014,1,Chaco,52971,9497,30,0.0,58.0,62520,36,3,62556
820,2014,1,Chubut,51066,539,866,10.776,6.974,68205,2016,3,70221
821,2014,1,Córdoba,336841,225769,347,3.585,368.0,566705,205,3,566910
822,2014,1,Corrientes,52565,8279,31,1.306,55.0,62203,33,3,62236
823,2014,1,Entre Ríos,107883,21379,49,4.887,133.0,134216,115,3,134331
824,2014,1,Formosa,20774,4548,0,0.0,100.0,25335,87,3,25422
825,2014,1,Jujuy,29765,4030,23,0.0,9.0,33825,2,3,33827
826,2014,1,La Pampa,15826,31305,513,5.848,701.0,53601,592,3,54193
827,2014,1,La Rioja,15663,0,14,0.0,34.0,15688,23,3,15711
828,2014,1,Mendoza,148970,12076,2480,37.0,2.282,164084,1761,4,165845
829,2014,1,Misiones,56597,17191,4,150.0,8.0,73950,0,3,73950
830,2014,1,Neuquén,47790,28161,997,10.381,3.051,88077,2303,4,90380
831,2014,1,Río Negro,64886,24156,876,3.576,1.572,93909,1157,3,95066
832,2014,1,Salta,73131,17538,45,8.0,568.0,91265,25,3,91290
833,2014,1,San Juan,48161,434,722,808.0,1.173,50543,755,3,51298
834,2014,1,San Luis,11306,428,354,21.0,448.0,12193,364,4,12557
835,2014,1,Santa Cruz,18927,100,381,4.092,3.264,26304,460,3,26764
836,2014,1,Santa Fe,322662,174296,3059,5.951,644.0,506000,612,3,506612
837,2014,1,Santiago Del Estero,32567,3598,19,915.0,34.0,37124,9,3,37133
838,2014,1,Tierra Del Fuego,21618,2837,648,1.0,2.934,27272,766,3,28038
839,2014,1,Tucumán,129717,83,121,13.0,98.0,129944,88,3,130032
